{"image": {"size": 101, "scale": 200000}, "steps": 1000, "time_per_step": 2, "central_object": {"mass": 6000000000000000000000000, "radius": 3371000, "position": {"x": 10100000, "y": 10100000}}, "point_objects_list": [{"point_object": {"position": {"x": 15407521.150108468, "y": 10034830.808187325}, "velocity": {"x": -2033.906917660515, "y": 8702.22214170587}}}, {"point_object": {"position": {"x": 10034830.808186475, "y": 4792478.849891333}, "velocity": {"x": 8702.222141705884, "y": 2033.9069176590456}}}, {"point_object": {"position": {"x": 4792478.849891084, "y": 10165169.19181452}, "velocity": {"x": 2033.9069176574076, "y": -8702.222141705874}}}, {"point_object": {"position": {"x": 10165169.191814559, "y": 15407521.150108978}, "velocity": {"x": -8702.222141705804, "y": -2033.9069176574153}}}]}