{"image": {"size": 101, "scale": 200000}, "steps": 1000, "time_per_step": 2, "central_object": {"mass": 6000000000000000000000000, "radius": 3371000, "position": {"x": 10100000, "y": 10100000}}, "point_objects_list": [{"point_object": {"position": {"x": 15177899.131205251, "y": 6624827.638926255}, "velocity": {"x": 2764.4983581657366, "y": 7177.687222947602}}}, {"point_object": {"position": {"x": 6624827.638924677, "y": 5022100.868795382}, "velocity": {"x": 7177.687222946298, "y": -2764.4983581677066}}}, {"point_object": {"position": {"x": 5022100.868796104, "y": 13575172.361077607}, "velocity": {"x": -2764.4983581703436, "y": -7177.687222944438}}}, {"point_object": {"position": {"x": 13575172.361077065, "y": 15177899.131204095}, "velocity": {"x": -7177.687222944837, "y": 2764.4983581696124}}}]}