{"image": {"size": 101, "scale": 200000}, "steps": 1000, "time_per_step": 2, "central_object": {"mass": 6000000000000000000000000, "radius": 3371000, "position": {"x": 10100000, "y": 10100000}}, "point_objects_list": [{"point_object": {"position": {"x": 5392038.993221995, "y": 5821668.718705462}, "velocity": {"x": 3685.385200699867, "y": -6433.226861611904}}}, {"point_object": {"position": {"x": 5821668.71870638, "y": 14807961.006778765}, "velocity": {"x": -6433.226861612838, "y": -3685.3852006986017}}}, {"point_object": {"position": {"x": 14807961.00677936, "y": 14378331.281292735}, "velocity": {"x": -3685.3852006975317, "y": 6433.226861613719}}}, {"point_object": {"position": {"x": 14378331.28129285, "y": 5392038.9932208415}, "velocity": {"x": 6433.226861613642, "y": 3685.3852006977736}}}]}